{"cameraMode":{"drawMode":0,"name":"Shaded","section":"Shading Mode"},"sceneLighting":true,"audioPlay":false,"sceneViewState":{"showFog":true,"showMaterialUpdate":false,"showSkybox":true,"showFlares":false,"showImageEffects":false,"showParticleSystems":false},"in2DMode":false,"pivot":{"x":0.6379380226135254,"y":2.4629101753234865,"z":-1.6392951011657715},"rotation":{"x":-0.03026409074664116,"y":0.9475816488265991,"z":-0.09441445767879486,"w":-0.303744375705719},"size":10.0,"orthographic":false}