{"cameraMode":{"drawMode":0,"name":"Shaded","section":"Shading Mode"},"sceneLighting":true,"audioPlay":false,"sceneViewState":{"showFog":true,"showMaterialUpdate":false,"showSkybox":true,"showFlares":false,"showImageEffects":false,"showParticleSystems":false},"in2DMode":false,"pivot":{"x":4.814022064208984,"y":-5.129631042480469,"z":11.686951637268067},"rotation":{"x":0.2894502878189087,"y":0.45339182019233706,"z":-0.1585034877061844,"w":0.8279720544815064},"size":29.462846755981447,"orthographic":false}